Index,d,phi,temp,baseVis,nanoVis,Ypredicted
2,76,0.24,70,0.40389,0.412008,0.41200802
1,47,1,70.00986,0.403836,0.431218,0.44642547
1,36,1,70,0.40389,0.440625,0.44191527
1,47,1,68.00296,0.415213,0.446655,0.45558244
1,47,1,67.02663,0.420933,0.462093,0.46006787
1,43,0,60,0.4664,0.466903,0.47688073
1,32,0.003279,60,0.4664,0.469091,0.47719428
1,43,0.126598,60,0.4664,0.469381,0.47904438
1,47,1,63.01282,0.445947,0.469811,0.47789067
1,47,1,65.01972,0.433138,0.469811,0.46927828
1,36,1,68.01105,0.415166,0.47023,0.4516739
1,43,0.268542,60,0.4664,0.474336,0.48147026
4,29,1,64.17291167,0.43847,0.476759,0.428678
2,76,2.54,70,0.40389,0.480993,0.5128419
1,47,1,61.00592,0.4594,0.485249,0.4864157
1,43,0.548593,60,0.4664,0.489204,0.48625657
1,32,0.134426,60,0.4664,0.490909,0.4774538
4,29,1,59.99356647,0.466446,0.491489,0.44542283
4,29,1,62.18039153,0.451449,0.491489,0.4353581
1,36,1,64.53039,0.4362,0.492434,0.46887118
1,43,0.978261,60,0.4664,0.499115,0.49294424
1,47,1,59.05325,0.473148,0.500686,0.49481133
1,47,1,57.04635,0.48801,0.500686,0.5032434
1,32,0.272131,60,0.4664,0.505455,0.47777444
4,29,1,57.32070076,0.485936,0.506219,0.46043208
1,36,1,57.01657,0.488235,0.507237,0.52885324
1,43,1.396419,60,0.4664,0.518938,0.49754754
4,29,1,55.42537284,0.500594,0.520949,0.4726639
1,32,0.55082,60,0.4664,0.527273,0.48755577
1,47,1,55.03945,0.503666,0.531561,0.51048046
1,47,1,53.03254,0.520167,0.531561,0.51829666
2,21,0.2,54.94246,0.509756,0.542276,0.56814843
1,43,1.998721,60,0.4664,0.546195,0.5484351
1,43,0,50,0.54685,0.546195,0.5202628
4,33,0,50,0.54685,0.548077,0.4725727
4,11,0,50,0.54685,0.548867,0.5667418
2,27,0.99,56.99391,0.488407,0.549082,0.56659627
1,32,0,50,0.54685,0.549091,0.5388212
1,43,0.126598,50,0.54685,0.55115,0.5225672
1,36,1,53.03867,0.520115,0.551645,0.5612326
4,33,0.155709343,50,0.54685,0.553846,0.48424637
1,32,0.980328,60,0.4664,0.556364,0.5221833
1,43,0.268542,50,0.54685,0.558584,0.5251012
2,76,2.54,60,0.4664,0.560286,0.56675845
4,33,0.274048443,50,0.54685,0.561538,0.4931183
4,33,0.394463668,50,0.54685,0.563462,0.50214595
4,29,1,51.48884914,0.533469,0.565139,0.50451076
4,11,0.154883721,50,0.54685,0.568285,0.5785538
1,43,0.548593,50,0.54685,0.568496,0.53213227
1,47,1,49.01874,0.555974,0.570154,0.5550738
4,33,0.556401384,50,0.54685,0.576923,0.5065536
2,27,3.16,66.64727,0.423199,0.577267,0.69292754
1,32,0.131148,50,0.54685,0.578182,0.5485115
4,11,0.393488372,50,0.54685,0.587702,0.6051099
4,33,0.805536332,50,0.54685,0.588462,0.5158502
1,43,0.978261,50,0.54685,0.590796,0.5566389
1,32,0.272131,50,0.54685,0.592727,0.55817956
3,12,0.45,50,0.529197,0.593066,0.64956963
4,29,1,47.40661664,0.571514,0.594599,0.544196
4,33,1.152249135,50,0.54685,0.598077,0.5309952
2,27,2.04,57.13125,0.487368,0.598267,0.6505435
1,43,1.400256,50,0.54685,0.605664,0.56980914
2,21,0.2,48.15217,0.562602,0.607317,0.62103474
1,32,1.403279,60,0.4664,0.610909,0.60630566
1,13,1.3,72,0.39307,0.611914,0.5811833
4,33,1.687889273,50,0.54685,0.619231,0.5632152
1,43,2.900256,60,0.4664,0.620531,0.626777
1,32,0.55082,50,0.54685,0.621818,0.5752139
1,47,1,45.00493,0.596018,0.624185,0.602695
1,47,1,47.01183,0.575423,0.624185,0.5783966
1,36,1,45.08287,0.5952,0.633059,0.641983
1,36,1,49.00552,0.556098,0.633059,0.59679335
2,27,0.976492512,32,0.76456,0.633325,0.7891137
4,11,0.556744186,50,0.54685,0.636246,0.62967455
1,13,1.34,72,0.39307,0.642064,0.58580834
2,76,0.24,40,0.65298,0.64521,0.60492295
3,12,1.134739977,72,0.39307,0.645733,0.6817509
1,47,1,41.04536,0.640365,0.647341,0.65612435
1,43,1.998721,50,0.54685,0.647788,0.6209236
1,36,4.5,65.30387,0.431376,0.647862,0.69823074
2,21,1,55,0.509756,0.647967,0.62995625
2,27,0.99,46.61207,0.579435,0.65202,0.6449336
1,43,0,40,0.65298,0.652743,0.62294114
4,29,1,42.01213003,0.629051,0.653519,0.6143857
4,29,1,44.10176286,0.605683,0.653519,0.5826306
4,33,0.002076125,40,0.65298,0.653846,0.59100586
1,32,0,40,0.65298,0.654545,0.64307356
1,47,4,66.3215,0.425158,0.65506,0.6524144
4,11,0.002093023,40,0.65298,0.655663,0.634582
3,12,0.45,44.98836,0.574818,0.656934,0.6687201
1,32,0.980328,50,0.54685,0.658182,0.6114399
2,21,0.2,42.62788,0.623577,0.660163,0.66356266
1,30,0.5,49.98264,0.54701,0.660319,0.5772073
1,43,0.126598,40,0.65298,0.662655,0.63294995
4,33,0.157785467,40,0.65298,0.663462,0.60155535
1,30,0.03,39,0.66543,0.66422,0.66794205
1,100,2,50,0.54685,0.664682,0.6460979
1,43,0.268542,40,0.65298,0.665133,0.6427089
1,32,2,60,0.4664,0.665455,0.6989912
2,76,2.54,50,0.54685,0.665626,0.65162313
2,27,3.16,56.73383,0.490399,0.668745,0.7572275
1,36,4.5,61.27072,0.457588,0.670066,0.7217773
1,47,1,42.99803,0.617842,0.670497,0.62792337
1,47,4,63.77219,0.441033,0.670497,0.6780349
1,30,0.1,39,0.66543,0.672477,0.6753603
4,33,0.396539792,40,0.65298,0.676923,0.6189685
1,36,1,41.60221,0.633812,0.677467,0.6883
4,33,0.274048443,40,0.65298,0.680769,0.60973287
1,30,0.2,39,0.66543,0.681651,0.68466747
1,43,0.548593,40,0.65298,0.682478,0.66191834
1,30,0.03,38,0.67827,0.684404,0.6791281
4,11,0.159069767,40,0.65298,0.68479,0.6585649
1,30,0.1,38,0.67827,0.693578,0.68711454
1,25,1,55,0.50398,0.69453,0.6330666
4,33,0.560553633,40,0.65298,0.696154,0.6320381
1,32,0.131148,40,0.65298,0.698182,0.65513664
1,36,4.5,58.50829,0.47711,0.699671,0.74589133
1,30,0.3,39,0.66543,0.7,0.6939747
1,47,1,38.98422,0.665631,0.701372,0.6810501
1,47,4,61.22288,0.457916,0.701372,0.7025777
4,11,0.397674419,40,0.65298,0.704207,0.69671196
1,30,0.03,37,0.69152,0.704587,0.69025254
1,13,1.3,62,0.45265,0.704895,0.68426424
1,43,0.978261,40,0.65298,0.707257,0.68265057
4,33,0.809688581,40,0.65298,0.709615,0.64872605
1,30,0.2,38,0.67827,0.711927,0.6982141
4,29,1,39.24183348,0.662393,0.712439,0.66131324
1,30,0.1,37,0.69152,0.712844,0.69823897
1,100,2,45,0.59607,0.713285,0.6890554
1,30,0.03,36,0.70519,0.713761,0.70211047
1,36,1,39.33702,0.661197,0.714474,0.7220523
1,32,0.268852,40,0.65298,0.716364,0.66843975
1,47,4,59.27022,0.47159,0.71681,0.72146034
1,25,2,55.08427,0.503309,0.718927,0.8089519
4,33,0,35,0.71932,0.719231,0.684399
1,43,0,35,0.71932,0.719646,0.6893174
1,32,0.003279,35,0.71932,0.72,0.70323426
1,30,0.3,38,0.67827,0.720183,0.7078544
4,11,0.002093023,35,0.71932,0.720388,0.692339
2,27,2.04,46.9518,0.576024,0.720884,0.7218196
4,33,1.152249135,40,0.65298,0.723077,0.66298616
1,13,1.34,62,0.45265,0.724323,0.6895092
2,21,0.2,37.44885,0.688618,0.725203,0.71033245
1,43,0.126598,35,0.71932,0.72708,0.70010936
1,32,1.403279,50,0.54685,0.727273,0.70859605
4,33,0.157785467,35,0.71932,0.728846,0.6985964
1,30,0.5,44.90451,0.597086,0.72891,0.63473433
2,21,1,48.20972,0.562602,0.729268,0.6796948
1,36,4.5,54.14365,0.510925,0.729276,0.7868453
1,43,1.396419,40,0.65298,0.732035,0.69895774
1,30,0.2,37,0.69152,0.73211,0.7096482
1,30,0.1,36,0.70519,0.733028,0.7104104
1,30,0.03,35,0.71932,0.733945,0.71522975
1,43,2.900256,50,0.54685,0.734513,0.74052554
1,43,0.268542,35,0.71932,0.734513,0.71208245
1,25,1,45,0.59607,0.735272,0.75931984
1,30,0.3,37,0.69152,0.73945,0.720957
1,30,0.2,36,0.70519,0.741284,0.72227234
4,29,1,36.32590768,0.700699,0.741899,0.71907556
1,30,0.1,35,0.71932,0.742202,0.7235181
4,33,0.274048443,35,0.71932,0.742308,0.7090577
1,43,0.548593,35,0.71932,0.744425,0.734573
2,21,0.2,35,0.71932,0.745911,0.7365795
4,11,0.156976744,35,0.71932,0.746278,0.7190833
1,47,4,57.20907,0.486779,0.747684,0.7416064
3,12,0.45,39.93597,0.64781,0.748175,0.7354435
4,33,1.694117647,40,0.65298,0.75,0.68859816
2,27,2.031740212,32,0.76456,0.751445,0.8975803
1,32,0.55082,40,0.65298,0.752727,0.69574726
1,30,0.03,34,0.7339,0.753211,0.72890836
4,33,0.396539792,35,0.71932,0.755769,0.7201627
2,76,5.54,60,0.4664,0.759113,0.76687235
4,11,0.805813953,50,0.54685,0.759223,0.6773705
1,30,0.3,36,0.70519,0.759633,0.73413444
1,32,0.131148,35,0.71932,0.76,0.71737915
1,25,3,55.08197,0.503328,0.760101,0.8486787
1,30,0.2,35,0.71932,0.761468,0.7359713
1,30,0.1,34,0.7339,0.762385,0.737826
4,11,0.560930233,40,0.65298,0.76246,0.7472599
1,47,4,55.25641,0.501939,0.763122,0.7614898
2,27,0.99,37.03507,0.691052,0.763181,0.7265929
4,33,0.560553633,35,0.71932,0.763462,0.7307303
1,100,4,50,0.54685,0.764946,0.75185573
1,36,4.5,50.99448,0.53785,0.766283,0.8213777
4,11,0.397674419,35,0.71932,0.768932,0.761244
1,30,0.5,39.9566,0.653516,0.77062,0.6994383
1,47,1,32.96351,0.749543,0.77084,0.7608822
1,25,2,45.31535,0.592759,0.771103,0.9396312
1,30,0.03,33,0.74898,0.773394,0.74264616
1,43,0.978261,35,0.71932,0.774159,0.7565091
1,30,0.3,35,0.71932,0.777982,0.7489602
4,33,0.811764706,35,0.71932,0.778846,0.74306
1,30,0.2,34,0.7339,0.780734,0.7505801
2,21,0.6,35,0.71932,0.780853,0.7759702
1,100,2,40,0.65298,0.781387,0.7468076
1,43,1.998721,40,0.65298,0.781593,0.74172324
2,21,0.199191686,35,0.71932,0.7816,0.7365232
1,30,0.1,33,0.74898,0.782569,0.75155836
2,21,0.2,33.6509,0.737398,0.786179,0.75369817
1,47,4,53.24951,0.518344,0.786278,0.7823741
1,32,2,50,0.54685,0.789091,0.8201875
1,32,0.272131,35,0.71932,0.789091,0.73557633
4,33,1.156401384,35,0.71932,0.792308,0.75835866
2,76,2.54,40,0.65298,0.792326,0.78330636
2,76,0.24,30,0.79735,0.793124,0.7675233
1,30,0.03,32,0.76456,0.793578,0.7567055
2,21,1,42.68542,0.623577,0.794309,0.7311862
2,21,1,35,0.71932,0.797235,0.8227311
2,27,3.16,46.88994,0.576645,0.797931,0.8575955
4,11,0.002093023,30,0.79735,0.798058,0.7917965
4,33,0,30,0.79735,0.798077,0.7821887
1,30,0.3,34,0.7339,0.798165,0.7633342
1,43,0,30,0.79735,0.798938,0.76231396
1,32,0,30,0.79735,0.8,0.78668195
1,32,0.983607,40,0.65298,0.8,0.7535548
4,29,1,33.31263057,0.744228,0.800818,0.78140515
1,30,0.2,33,0.74898,0.800917,0.76431245
1,30,0.1,32,0.76456,0.802752,0.7655751
1,30,0.03,31,0.78067,0.80367,0.7748577
4,33,0.157785467,30,0.79735,0.803846,0.7931106
1,43,1.396419,35,0.71932,0.803894,0.77281773
1,43,0.130435,30,0.79735,0.806372,0.7739841
2,21,2,55,0.509756,0.806504,0.78684545
1,32,2.901639,60,0.4664,0.807273,0.7598984
1,30,0.3,33,0.74898,0.807339,0.7770666
1,36,4.5,48.01105,0.565603,0.810691,0.8619669
1,43,0.264706,30,0.79735,0.811327,0.7860241
4,33,1.696193772,35,0.71932,0.817308,0.78204244
2,21,0.600461894,35,0.71932,0.8176,0.7760321
1,36,1,32.98343,0.749236,0.818092,0.84070504
1,100,4,45,0.59607,0.820881,0.8374973
1,30,0.2,32,0.76456,0.821101,0.7783302
3,12,0.45,34.92433,0.711679,0.821168,0.8088648
1,13,1.3,52,0.529,0.821704,0.7900286
1,30,0.1,31,0.78067,0.822018,0.7830666
1,30,0.03,30,0.79735,0.822936,0.7943526
1,25,3,45.12881,0.594718,0.822939,0.9681933
2,21,1.5,35,0.71932,0.824515,0.9027034
4,33,0.274048443,30,0.79735,0.825,0.8006747
1,43,0.548593,30,0.79735,0.826195,0.8114801
1,30,0.3,32,0.76456,0.827523,0.7910252
1,32,0.55082,35,0.71932,0.829091,0.772331
3,12,1.143490554,52,0.529,0.829431,0.76939344
1,30,0.2,31,0.78067,0.830275,0.79547954
4,11,0.156976744,30,0.79735,0.830421,0.8119439
1,30,0.1,30,0.79735,0.831193,0.80210704
1,30,0.03,29,0.8146,0.83211,0.8139965
1,47,4,50.26627,0.544422,0.83259,0.81579673
4,33,0.398615917,30,0.79735,0.832692,0.8088842
1,36,4.5,46.0221,0.585425,0.832895,0.891523
1,13,1.34,52,0.529,0.833035,0.79808986
2,21,0.998845266,35,0.71932,0.83488,0.822592
4,11,0.558837209,35,0.71932,0.836893,0.8129088
4,29,1,31.02837469,0.780209,0.845008,0.82957685
4,29,4.5,63.19900104,0.444736,0.845008,0.84573907
1,32,0.131148,30,0.79735,0.847273,0.80137455
1,30,0.3,31,0.78067,0.847706,0.8078318
1,47,1,28.9497,0.815491,0.848027,0.8439992
1,30,0.2,30,0.79735,0.849541,0.81386507
1,30,0.1,29,0.8146,0.851376,0.82172245
2,27,0.99,32.14823,0.76223,0.851546,0.7876464
2,27,2.04,36.83993,0.693691,0.8517,0.8406556
4,33,0.562629758,30,0.79735,0.851923,0.8207779
1,30,0.03,28,0.83248,0.852294,0.8340359
4,11,0.397674419,30,0.79735,0.856311,0.8543551
2,76,5.54,50,0.54685,0.856805,0.868852
1,30,0.5,35.00868,0.719196,0.857651,0.7741596
1,43,1.998721,35,0.71932,0.858407,0.8132121
4,29,4.5,59.99157809,0.46646,0.859738,0.874947
4,29,4.5,61.44946146,0.456366,0.859738,0.86493427
1,100,2,35,0.71932,0.860772,0.843512
1,43,0.978261,30,0.79735,0.860885,0.8374111
2,21,1,37.44885,0.688618,0.863415,0.79343665
1,47,1,31.01085,0.780494,0.863465,0.79689497
2,21,1.498267898,35,0.71932,0.86368,0.90227175
4,33,0.811764706,30,0.79735,0.865385,0.8357348
1,30,0.3,30,0.79735,0.866972,0.8263378
1,25,1,35,0.71932,0.867039,0.8953469
2,27,3.159714085,32,0.76456,0.86938,1.0583295
1,30,0.2,29,0.8146,0.869725,0.8328319
1,30,0.03,27,0.85099,0.87156,0.8544989
1,30,0.1,28,0.83248,0.87156,0.8417617
4,29,1,29.52173613,0.805528,0.874468,0.86097807
1,32,0.272131,30,0.79735,0.876364,0.8175315
1,30,0.2,28,0.83248,0.878899,0.85282385
1,47,7,63.82643,0.440684,0.878902,0.8763717
1,47,4,47.2288,0.573275,0.878902,0.84934354
4,11,0.81,40,0.65298,0.878964,0.83004826
1,32,1.403279,40,0.65298,0.88,0.85803103
1,100,6,50,0.54685,0.880335,0.91458917
1,30,0.1,27,0.85099,0.880734,0.8622248
2,21,1.997690531,35,0.71932,0.88288,1.0248772
1,32,0.980328,35,0.71932,0.883636,0.84289414
2,21,2,48.20972,0.562602,0.88374,0.8552428
4,33,1.158477509,30,0.79735,0.884615,0.8555045
1,30,0.3,29,0.8146,0.886239,0.84492356
4,29,4.5,57.22144062,0.486686,0.889198,0.9071386
1,30,0.03,26,0.87018,0.891743,0.8780277
4,11,0.002093023,25,0.89008,0.891909,0.9037808
4,33,0,25,0.89008,0.892308,0.88127655
1,43,1.400256,30,0.79735,0.893097,0.86306477
1,43,0,25,0.89008,0.893097,0.8694286
1,43,2.900256,40,0.65298,0.893097,0.8480854
3,12,0.45,29.95343,0.784672,0.894161,0.863305
1,32,0,25,0.89008,0.894545,0.89763165
2,21,0.2,27.14834,0.847154,0.895935,0.8396862
1,30,0.2,27,0.85099,0.899083,0.8732616
1,100,4,40,0.65298,0.899255,0.93269426
4,33,0.155709343,25,0.89008,0.9,0.8928866
1,43,0.126598,25,0.89008,0.900531,0.8816493
1,30,0.1,26,0.87018,0.900917,0.88571477
4,11,1.149069767,50,0.54685,0.901618,0.79037356
1,30,0.03,25,0.89008,0.901835,0.9033194
1,47,7,60.02959,0.466192,0.902058,0.9305575
1,47,4,45.22189,0.59374,0.902058,0.8751014
1,30,0.3,28,0.83248,0.905505,0.8640404
1,43,0.268542,25,0.89008,0.907965,0.89511544
1,30,0.2,26,0.87018,0.909174,0.89669627
1,47,7,61.00592,0.4594,0.909777,0.91661024
1,25,2,35.09937,0.717905,0.910179,1.1123852
4,33,1.698269896,30,0.79735,0.913462,0.8936258
1,36,1,28.95028,0.815481,0.914309,0.9035747
1,30,0.3,27,0.85099,0.915596,0.8844518
4,33,0.276124567,25,0.89008,0.917308,0.9018636
1,30,1.5,50.02604,0.546613,0.917528,0.757486
1,30,0.1,25,0.89008,0.920183,0.91104317
2,76,2.54,30,0.79735,0.92062,0.9891537
1,30,0.03,24,0.91073,0.921101,0.9289281
1,43,0.548593,25,0.89008,0.922832,0.9223033
2,21,1,33.70844,0.737398,0.92439,0.83922404
1,47,7,58.13116,0.479885,0.925214,0.9588756
1,32,0.55082,30,0.79735,0.927273,0.85111445
4,11,0.560930233,30,0.79735,0.927508,0.8829083
4,11,0.156976744,25,0.89008,0.927508,0.9179852
1,30,0.2,25,0.89008,0.929358,0.9220654
1,30,0.1,24,0.91073,0.930275,0.93665195
4,33,0.398615917,25,0.89008,0.932692,0.9109703
1,30,0.5,29.93056,0.798538,0.932907,0.852303
4,29,4.5,54.0138586,0.511987,0.933388,0.95447755
1,30,0.3,26,0.87018,0.934862,0.90777487
1,36,4.5,40.99448,0.640966,0.936513,0.97376484
2,21,0.6,25,0.89008,0.937316,0.9326074
2,27,2.04,32.15405,0.762138,0.938431,0.8972284
1,30,0.03,23,0.93216,0.941284,0.9551276
4,11,0.81,35,0.71932,0.943689,0.90605867
1,100,6,45,0.59607,0.944707,0.9995323
1,30,0.3,25,0.89008,0.944954,0.93308306
2,27,3.16,36.71214,0.695423,0.945138,0.97911465
1,100,2,30,0.79735,0.946728,0.94355947
4,29,1,27.23732118,0.846557,0.948118,0.9094517
4,29,4.5,52.50729958,0.524628,0.948118,0.9870216
1,47,1,24.99014,0.890282,0.94837,0.92119074
1,30,0.2,24,0.91073,0.948624,0.9476859
4,11,0.399767442,25,0.89008,0.950162,0.9526654
1,30,0.1,23,0.93216,0.950459,0.9628513
1,36,4.5,38.72928,0.668879,0.951316,1.0215158
1,43,1.998721,30,0.79735,0.952566,0.90975624
1,32,0.131148,25,0.89008,0.952727,0.9121936
4,33,0.560553633,25,0.89008,0.953846,0.9230096
1,13,1.3,42,0.62919,0.95597,0.89849687
1,43,0.978261,25,0.89008,0.957522,0.95427597
1,30,0.03,22,0.95442,0.96055,0.98326075
4,33,0.81384083,25,0.89008,0.963462,0.9419266
1,47,4,42.23866,0.626455,0.963808,0.9399321
1,30,0.3,24,0.91073,0.965138,0.9587198
1,32,2,40,0.65298,0.967273,0.9568648
1,30,0.2,23,0.93216,0.968807,0.97388524
2,21,2,42.68542,0.623577,0.969106,0.9267002
1,30,0.1,22,0.95442,0.969725,0.99033374
1,32,1.4,35,0.71932,0.970909,0.964369
1,32,2.898361,50,0.54685,0.970909,0.8568061
1,25,3,35.05855,0.718486,0.971827,1.1599396
1,13,2.7,72,0.39307,0.972235,0.9129355
1,30,0.3,23,0.93216,0.974312,0.98390347
2,21,1,25,0.89008,0.97501,0.97446465
1,13,1.34,42,0.62919,0.975156,0.91562873
4,29,4.5,50.5146999,0.542158,0.977578,1.0330513
1,32,0.268852,25,0.89008,0.978182,0.92797595
1,30,0.03,21,0.97755,0.980734,1.0090506
2,21,0.2,22.71739,0.936585,0.981301,0.91839635
4,33,1.158477509,25,0.89008,0.982692,0.9633982
1,43,2.900256,35,0.71932,0.984779,0.9350409
3,12,0.45,24.98254,0.875912,0.985401,0.92348194
1,13,2.78,72,0.39307,0.987109,0.9389989
1,30,0.2,22,0.95442,0.988073,1.0004351
1,36,1,25.41436,0.88176,0.988322,0.9785947
1,30,0.1,21,0.97755,0.988991,1.0143602
1,32,0.980328,30,0.79735,0.989091,0.9150528
2,95,0.246748682,22,0.95442,0.992072,0.99666065
4,29,1,25.05025752,0.889071,0.992308,0.96421254
1,30,0.3,22,0.95442,0.994495,1.008803
1,47,7,55.03945,0.503666,0.994683,1.0152812
1,43,1.396419,25,0.89008,0.99469,0.9800903
1,28,1.00407,24,0.91073,0.995122,1.0520593
1,30,0.2,21,0.97755,0.997248,1.0218177
1,100,4,35,0.71932,0.998378,1.0323006
2,21,1.5,25,0.89008,0.99847,1.0770591
1,43,1,25,0.89008,0.999628,0.9558777
2,27,0.99,24.85258,0.893096,1.000487,0.9225627
4,33,0,20,1.0016,1.001923,0.98072207
4,11,0,20,1.0016,1.001942,1.0188808
1,43,0,20,1.0016,1.002124,0.9781665
1,47,7,53.73767,0.514272,1.002401,1.0400279
1,47,1,23.09172,0.930177,1.002401,0.96202064
1,32,0,20,1.0016,1.003636,1.0254505
1,30,0.3,21,0.97755,1.00367,1.0292751
2,95,0.596836555,22,0.95442,1.005477,1.0241058
1,36,2.119488,25,0.89008,1.009925,1.1746693
4,33,0.157785467,20,1.0016,1.011538,0.9915502
4,11,1.153255814,40,0.65298,1.01165,0.9526184
1,43,0.126598,20,1.0016,1.012035,0.9919773
4,33,0.276124567,20,1.0016,1.017308,1.0022846
2,21,0.2,20.87596,0.973171,1.017886,0.9486505
1,43,0.264706,20,1.0016,1.019469,1.0074804
4,29,4.5,47.50150233,0.570575,1.021768,1.1068265
2,76,0.24,20,1.0016,1.023034,1.0189644
4,33,1.702422145,25,0.89008,1.023077,1.0454838
1,36,7,61.60221,0.455331,1.025329,1.0238329
1,47,4,39.41815,0.660178,1.025557,1.0147017
1,30,0.5,24.98264,0.890435,1.029204,0.9558519
1,30,1.5,44.94792,0.596624,1.030533,0.8351438
4,11,0.156976744,20,1.0016,1.031068,1.0376757
1,32,0.55082,25,0.89008,1.032727,0.9562244
1,36,7,59.00552,0.47349,1.03273,1.0600134
1,47,1,22.33235,0.946955,1.033276,0.9791449
4,11,0.560930233,25,0.89008,1.034304,0.9800388
1,100,6,40,0.65298,1.034904,1.0943314
4,33,0.398615917,20,1.0016,1.036538,1.0133955
1,43,0.548593,20,1.0016,1.036814,1.0344802
3,12,1.85,50,0.529197,1.040146,1.0787896
1,25,1,25,0.89008,1.040434,1.056707
1,47,1,21.84418,0.957991,1.040995,0.98988515
1,100,1,22,0.95442,1.04104,1.0736961
2,21,1,27.20588,0.847154,1.042276,0.9452692
2,76,5.54,40,0.65298,1.046009,1.0899338
4,11,0.812093023,30,0.79735,1.047249,0.9689234
2,27,3.16,32.09439,0.763076,1.048265,1.0563984
1,25,1,25,0.89008,1.050789,1.056707
2,95,1.174692443,22,0.95442,1.05552,1.0814531
1,100,2,25,0.89008,1.05683,1.06084
4,11,0.399767442,20,1.0016,1.056958,1.0754715
2,27,4.369920697,32,0.76456,1.057045,1.3304423
4,33,0.562629758,20,1.0016,1.057692,1.0282731
4,29,1,22.9116309,0.934109,1.065957,1.0245267
1,43,1.998721,25,0.89008,1.066549,1.0542996
1,32,2,35,0.71932,1.069091,1.0445051
1,32,0.131148,20,1.0016,1.069091,1.0356243
1,13,2.7,62,0.45265,1.071018,1.0623059
4,33,0.81384083,20,1.0016,1.071154,1.0627722
1,43,0.978261,20,1.0016,1.073982,1.0513204
1,13,2.78,62,0.45265,1.07591,1.0883702
1,36,7,57.23757,0.486564,1.077138,1.0858692
1,28,1.989032,24,0.91073,1.079514,1.2813331
1,47,7,49.72387,0.549396,1.079588,1.1232586
1,32,1.403279,30,0.79735,1.08,1.0272614
4,29,1,22.71716691,0.938399,1.080687,1.0301689
1,43,2,25,0.89008,1.083803,1.0544817
2,21,2,37.44885,0.688618,1.086992,0.98818696
1,47,4,36.21795,0.702187,1.087307,1.107496
4,33,1.158477509,20,1.0016,1.090385,1.1192323
1,36,1,22.92818,0.933744,1.091941,1.0392734
1,36,7,54.14365,0.510925,1.091941,1.1292468
1,36,4.5,33.14917,0.746713,1.091941,1.1889393
3,12,0.45,19.88941,0.994526,1.094891,1.018462
4,29,1,22.42551071,0.944863,1.095417,1.0386459
4,11,1.15744186,35,0.71932,1.095793,1.0326773
1,43,2.900256,30,0.79735,1.096283,1.0606828
1,100,4,30,0.79735,1.098075,1.1486344
3,12,2.28543133,72,0.39307,1.098588,1.0514065
2,27,0.99,19.76533,1.00742,1.098681,1.0119535
2,27,2.04,24.85917,0.892961,1.098848,1.0756265
1,32,0.268852,20,1.0016,1.101818,1.0457629
1,32,0.980328,25,0.89008,1.105455,1.0051109
1,43,1.400256,20,1.0016,1.118584,1.0608406
1,13,1.3,32,0.76456,1.119865,1.0203303
1,36,1,22.81768,0.936182,1.121546,1.0412749
1,13,1.34,32,0.76456,1.123819,1.0371858
4,29,1,21.84219829,0.958037,1.124877,1.0557249
2,21,1,22.77494,0.936585,1.127642,1.0069151
3,12,1.152165531,32,0.76456,1.128809,1.0832195
1,11,1.454219,23,0.93216,1.129769,1.4394557
4,33,1.70449827,20,1.0016,1.132692,1.2076064
4,11,1.686976744,50,0.54685,1.134628,1.02663
1,25,2,25.1166,0.887739,1.135243,1.269622
1,43,0,15,1.1375,1.135929,1.0763493
1,36,7,50.99448,0.53785,1.136349,1.1922224
4,11,0,15,1.1375,1.137864,1.1554711
1,32,0,15,1.1375,1.138182,1.1575394
4,33,0,15,1.1375,1.138462,1.0903729
4,29,4.5,43.03002372,0.617486,1.139607,1.2293111
1,100,6,35,0.71932,1.140045,1.2032244
3,12,1.85,45.0291,0.574818,1.140511,1.1520145
4,11,0.563023256,20,1.0016,1.1411,1.1122104
1,30,1.5,40,0.65298,1.143659,0.9131692
4,33,0.155709343,15,1.1375,1.144231,1.1129819
1,95,1,22,0.95442,1.144983,1.0746979
2,27,2.04,19.76862,1.007338,1.147861,1.1879638
2,21,3,55,0.509756,1.147967,1.2551535
1,43,0.126598,15,1.1375,1.148319,1.0871944
1,36,3.058321,25,0.89008,1.148694,1.3054658
4,11,0.812093023,25,0.89008,1.150809,1.0601829
1,25,2,25,0.89008,1.151747,1.2739019
4,33,0.276124567,15,1.1375,1.151923,1.13162
1,36,4.5,30.55249,0.788072,1.158553,1.2550229
1,32,0.554098,20,1.0016,1.16,1.0648466
1,43,0.264706,15,1.1375,1.160708,1.0990276
1,47,2.034139,25,0.89008,1.161309,1.0310457
1,30,0.5,19.90451,1.003968,1.162897,1.0676255
4,11,0.159069767,15,1.1375,1.16699,1.1775172
2,21,2,33.70844,0.737398,1.168293,1.0657934
1,47,4,34.04832,0.73319,1.172213,1.1711223
2,21,1,20.9335,0.973171,1.172358,1.0359114
2,21,0.2,15,1.1375,1.172465,1.0874554
4,33,0.398615917,15,1.1375,1.175,1.1505797
1,43,0.548593,15,1.1375,1.175575,1.1231667
4,29,4.5,41.18313285,0.638739,1.183797,1.2834953
1,28,2.983787,24,0.91073,1.186762,1.4129373
1,47,7,45.05917,0.595449,1.18765,1.2415513
4,33,0.564705882,15,1.1375,1.192308,1.1768699
1,32,2,30,0.79735,1.192727,1.1144072
4,11,0.399767442,15,1.1375,1.19288,1.238434
1,43,1.998721,20,1.0016,1.195398,1.1349889
1,36,7,48.39779,0.561875,1.195559,1.2569466
1,32,2.901639,40,0.65298,1.196364,1.0215329
1,100,2,20,1.0016,1.198562,1.2422476
2,27,3.16,24.86587,0.892824,1.198848,1.2258943
4,11,1.15744186,30,0.79735,1.199353,1.1173732
2,21,1,15,1.1375,1.20657,1.1807183
1,32,1.4,25,0.89008,1.207273,1.1108618
1,43,0.978261,15,1.1375,1.212743,1.1509644
2,21,1.5,15,1.1375,1.212768,1.2598984
1,32,0.131148,15,1.1375,1.214545,1.1795886
4,33,0.815916955,15,1.1375,1.215385,1.2242638
1,25,3,25.10539,0.887964,1.220092,1.3966781
2,21,2,15,1.1375,1.222509,1.6709515
1,100,4,25,0.89008,1.225779,1.2827528
1,43,2.900256,25,0.89008,1.232566,1.2234102
4,33,1.162629758,15,1.1375,1.232692,1.2904669
2,76,2.54,20,1.0016,1.234973,1.2995695
1,25,3,25,0.89008,1.236222,1.400718
1,13,2.7,52,0.529,1.240974,1.2284721
4,11,1.693255814,40,0.65298,1.241424,1.1953378
2,21,3,48.20972,0.562602,1.245528,1.3422534
1,32,0.980328,20,1.0016,1.247273,1.1130364
1,47,7,42.45562,0.623969,1.2494,1.3009207
1,32,0.272131,15,1.1375,1.254545,1.1988281
1,36,4.30441,25,0.89008,1.255924,1.470629
1,47,4,30.57692,0.787668,1.257118,1.2821343
4,29,4.5,38.50994899,0.671673,1.257447,1.3724134
1,13,2.78,52,0.529,1.257823,1.2545364
1,80,5,25,0.89008,1.259048,1.4046881
1,100,6,30,0.79735,1.263715,1.3124849
2,21,0.2,12.81969,1.204878,1.265854,1.1664947
1,150,5,25,0.89008,1.267799,1.3637451
4,33,1.706574394,15,1.1375,1.269231,1.3806146
1,43,1.396419,15,1.1375,1.272212,1.1883785
3,12,1.85,39.97672,0.64781,1.277372,1.2478113
1,95,2,22,0.95442,1.2778,1.1682663
1,30,1.5,35.05208,0.718578,1.279607,1.00497
4,11,0.814186047,20,1.0016,1.280259,1.2097677
1,47,3.024182,25,0.89008,1.281155,1.2421622
1,36,5.99431,25,0.89008,1.287462,1.7118756
1,36,7,46.51934,0.580366,1.291776,1.3049692
1,40,4.991023,23,0.93216,1.296079,1.7391139
2,27,3.16,19.77873,1.007087,1.298681,1.412677
4,11,0.565116279,15,1.1375,1.299676,1.2909195
1,32,0,10,1.3059,1.305455,1.3574115
4,33,0,10,1.3059,1.305769,1.2634386
4,11,0.002093023,10,1.3059,1.306149,1.3055787
1,43,0,10,1.3059,1.306903,1.2330105
1,100,4,22,0.95442,1.308598,1.4074044
4,33,0.157785467,10,1.3059,1.311538,1.2889552
4,11,1.159534884,25,0.89008,1.312621,1.2508408
1,32,0.55082,15,1.1375,1.316364,1.2366064
1,43,0.126598,10,1.3059,1.316814,1.2546649
4,33,0.276124567,10,1.3059,1.317308,1.308093
1,36,4.88478,25,0.89008,1.319,1.5563103
2,76,0.24,10,1.3059,1.320004,1.3059573
2,76,5.54,30,0.79735,1.322963,1.3467281
1,32,2.901639,35,0.71932,1.323636,1.1140828
4,11,1.69744186,35,0.71932,1.325566,1.2764426
1,43,0.264706,10,1.3059,1.329204,1.2782879
4,33,0.398615917,10,1.3059,1.332692,1.3279021
1,36,4.5,25.63536,0.877371,1.336184,1.4671278
4,11,0.159069767,10,1.3059,1.338511,1.3417109
1,43,3,25,0.89008,1.340759,1.2435564
1,32,2,25,0.89008,1.341818,1.208665
1,47,7,38.98422,0.665631,1.342024,1.3834413
4,29,4.5,36.03107005,0.704762,1.345827,1.460212
2,21,2,27.26343,0.847154,1.347154,1.2952002
1,36,7,41.98895,0.629318,1.350987,1.4244614
4,33,0.564705882,10,1.3059,1.351923,1.3547618
1,43,0.548593,10,1.3059,1.353982,1.3195736
1,32,1.4,20,1.0016,1.356364,1.2140986
1,43,1.998721,15,1.1375,1.358938,1.309409
1,35,5,25,0.89008,1.366398,1.5553677
1,28,4.027144,24,0.91073,1.373128,1.462192
4,33,0.815916955,10,1.3059,1.375,1.4038354
1,25,4,25,0.89008,1.376327,1.4401131
4,11,0.399767442,10,1.3059,1.377346,1.4017699
1,47,4,27.214,0.846992,1.380617,1.3855598
1,43,2.900256,20,1.0016,1.381239,1.3992332
2,76,11.22,70,0.40389,1.38199,1.4027492
1,32,0.131148,10,1.3059,1.385455,1.3756562
1,100,4,20,1.0016,1.390168,1.4952246
1,43,0.982097,10,1.3059,1.39115,1.3570995
1,25,1,15,1.1375,1.392286,1.4105042
2,21,3,42.68542,0.623577,1.395935,1.4581263
1,100,6,25,0.89008,1.399714,1.4505092
1,13,1.34,25,0.89008,1.399764,1.2362484
4,33,1.162629758,10,1.3059,1.405769,1.4704565
1,47,7,36.48915,0.698449,1.411492,1.4548787
3,12,1.85,35.00582,0.711679,1.414234,1.3753668
1,32,0.980328,15,1.1375,1.418182,1.2982129
4,29,4.5,33.40648231,0.742801,1.419476,1.5610083
1,36,7,38.95028,0.666063,1.425,1.5132024
1,32,0.272131,10,1.3059,1.432727,1.3952693
3,12,2.31232565,52,0.529,1.434459,1.3828051
1,25,5,25,0.89008,1.440199,1.4582943
4,11,1.69744186,30,0.79735,1.442071,1.3939972
1,47,3.997155,25,0.89008,1.445154,1.4497387
1,13,2.7,42,0.62919,1.446154,1.4759291
1,25,5,25,0.89008,1.446622,1.4582943
4,11,0.81627907,15,1.1375,1.448544,1.3787353
1,30,1.5,29.97396,0.797795,1.44984,1.0674059
1,13,2.78,42,0.62919,1.453042,1.5178843
4,33,1.706574394,10,1.3059,1.455769,1.5714626
2,21,1,12.87724,1.204878,1.456911,1.2640102
1,43,1.396419,10,1.3059,1.458053,1.3879436
4,11,1.159534884,20,1.0016,1.458252,1.4066622
4,11,0.565116279,10,1.3059,1.467961,1.4448344
1,95,4,22,0.95442,1.472213,1.4015659
1,36,4.5,22.26519,0.948464,1.476809,1.6446395
1,47,7,34.48225,0.726811,1.480961,1.5461262
1,32,2.901639,30,0.79735,1.483636,1.2011976
1,36,7,37.01657,0.691299,1.491612,1.5701597
1,100,6,22,0.95442,1.503011,1.5526879
1,32,0.55082,10,1.3059,1.505455,1.4352676
2,21,2,22.77494,0.936585,1.505691,1.4517429
1,36,4.5,22.92818,0.933744,1.506414,1.6093721
1,32,2,20,1.0016,1.512727,1.3909589
1,25,2,15.25943,1.129769,1.516811,1.7923486
2,76,11.22,60,0.4664,1.520977,1.630189
1,36,4.5,21.87845,0.957206,1.521217,1.6655322
1,13,4.3,72,0.39307,1.53323,1.4824247
4,29,4.5,30.00411816,0.797281,1.537316,1.7206955
1,32,1.4,15,1.1375,1.541818,1.4362265
2,21,3,37.44885,0.688618,1.550407,1.5484948
1,47,4,23.2002,0.927832,1.550429,1.5216595
1,47,4,22.71203,0.938513,1.550429,1.542895
3,12,1.85,29.99418,0.784672,1.551095,1.4893006
1,43,4,25,0.89008,1.553411,1.4627564
1,43,1.998721,10,1.3059,1.564602,1.5296522
1,43,2.900256,15,1.1375,1.569558,1.5976679
1,30,1.5,25.02604,0.889557,1.571166,1.1519717
1,47,7,31.98718,0.764765,1.573585,1.6773796
2,76,2.54,10,1.3059,1.577005,1.6035475
2,21,2,20.9335,0.973171,1.582927,1.502445
1,100,6,20,1.0016,1.587429,1.6331043
4,11,1.699534884,25,0.89008,1.597411,1.5394802
1,28,6.160226,24,0.91073,1.612238,2.0415883
1,32,0.983607,10,1.3059,1.614545,1.5055407
2,76,5.54,20,1.0016,1.624996,1.6588875
2,21,3,33.6509,0.737398,1.647967,1.6451524
4,11,1.161627907,15,1.1375,1.649191,1.5952207
4,11,0.81627907,10,1.3059,1.652427,1.5260929
1,13,1.34,20,1.0016,1.656653,1.4872715
1,32,2.898361,25,0.89008,1.676364,1.3306533
1,10,5,25,0.89008,1.680691,2.0070963
4,29,4.5,26.99036385,0.851173,1.684615,1.8808342
1,95,6,22,0.95442,1.691649,1.5743089
1,13,2.7,32,0.76456,1.69267,1.7647153
1,28,5.081456,24,0.91073,1.693114,1.5209059
3,12,1.85,25.02328,0.875912,1.69708,1.6278313
1,36,7,33.03867,0.748392,1.70625,1.7096857
1,25,5,15.16271,1.132651,1.713983,1.9780589
1,13,4.3,62,0.45265,1.714789,1.7077376
1,36,7,31.10497,0.778965,1.721053,1.7988555
1,32,2,15,1.1375,1.734545,1.6231055
1,47,7,28.08185,0.831003,1.751115,1.8956467
4,11,1.70372093,20,1.0016,1.755987,1.749406
1,30,1.5,19.94792,1.002892,1.757965,1.2904873
4,29,4.5,25.09471779,0.888178,1.758265,1.9821184
1,47,5.106686,25,0.89008,1.760536,1.6683629
2,76,11.22,50,0.54685,1.765013,1.861084
1,32,1.4,10,1.3059,1.770909,1.678473
1,43,2.900256,10,1.3059,1.792566,1.8055888
4,29,7,57.21627082,0.486725,1.846645,1.8437927
3,12,2.338274984,32,0.76456,1.850615,1.8445386
1,47,7,26.02071,0.869779,1.851458,1.9974483
3,12,1.85,19.9709,0.994526,1.861314,1.9710215
1,47,5.943101,25,0.89008,1.874074,1.8184017
4,11,1.161627907,10,1.3059,1.875728,1.7644852
4,29,7,54.15447713,0.510836,1.890835,1.9492261
1,32,2.901639,20,1.0016,1.894545,1.5660155
1,36,9.1,54.03315,0.511829,1.906086,2.122673
1,36,7,27.01657,0.85068,1.906086,2.0797443
2,21,2,12.87724,1.204878,1.91626,1.7774856
4,29,4.5,22.90701785,0.934211,1.920295,2.0992126
1,11,4.290844,23,0.93216,1.930162,2.1692233
4,29,7,51.2870679,0.535257,1.935025,2.044748
2,21,3,27.20588,0.847154,1.965041,1.9622921
4,11,1.705813953,15,1.1375,1.972816,1.9761143
1,13,4.3,52,0.529,1.973219,1.967466
1,36,7,25.58011,0.87846,1.9875,2.216095
1,36,9.1,50.99448,0.53785,1.9875,2.2236602
1,32,2,10,1.3059,1.992727,1.8627967
1,13,2.78,32,0.76456,1.999944,1.8219503
4,29,7,48.46809571,0.561198,2.008674,2.1427846
4,29,7,46.66980095,0.578855,2.052864,2.2120786
1,47,7,22.76627,0.937316,2.067581,2.1652663
1,36,10.4495,25,0.89008,2.082227,3.8598924
1,47,7,22.16963,0.95061,2.083019,2.1978114
1,47,7,21.89842,0.956748,2.090738,2.2126346
4,29,4.5,21.6425645,0.962612,2.097054,2.1679196
1,43,5,25,0.89008,2.102764,1.6594924
1,36,9.1,48.12155,0.564538,2.113322,2.3514967
1,47,7.052632,25,0.89008,2.113765,2.0628836
2,76,11.22,40,0.65298,2.12003,2.2185557
1,36,7,23.37017,0.924157,2.128125,2.482605
1,47,9.4,58.72781,0.475512,2.160206,2.1513772
2,76,5.54,10,1.3059,2.165052,2.127944
1,32,2.901639,15,1.1375,2.167273,1.864561
1,47,9.4,55.03945,0.503666,2.175643,2.2825234
2,21,3,22.77494,0.936585,2.196748,2.1753254
1,47,7,21.30178,0.970507,2.214237,2.2439356
4,29,7,42.8784293,0.619191,2.214894,2.3567579
1,47,9.4,50.9714,0.538057,2.221955,2.4227397
1,47,9.4,53.30375,0.517889,2.229674,2.338791
1,36,9.1,45.02762,0.59578,2.231743,2.5294082
1,13,2.78,25,0.89008,2.255977,2.082697
4,11,1.705813953,10,1.3059,2.264078,2.1354134
1,36,7,21.98895,0.954673,2.283553,2.65496
1,13,4.3,42,0.62919,2.308366,2.3053443
2,21,3,20.9335,0.973171,2.326829,2.2375147
1,47,9.4,48.15089,0.564255,2.391767,2.5614645
4,29,7,39.18401127,0.663119,2.421113,2.4989388
1,47,8.162162,25,0.89008,2.44807,2.824701
1,36,9.1,42.0442,0.628683,2.461184,2.710881
1,13,2.78,20,1.0016,2.512834,2.3990297
2,76,11.22,30,0.79735,2.516038,2.6861885
1,32,2.901639,10,1.3059,2.523636,2.1260223
1,36,9.1,39.00552,0.665361,2.527796,2.893243
4,29,7,36.9964704,0.691568,2.553682,2.6326885
1,13,4.3,32,0.76456,2.667133,2.221744
1,36,9.1,35.96685,0.705655,2.675822,3.0614238
1,47,9.4,45.00493,0.596018,2.746827,2.7570176
3,12,4,50,0.529197,2.764599,2.935116
1,47,9.4,42.72682,0.620901,2.777702,2.9083297
1,36,12.15647,25,0.89008,2.794991,3.9486446
4,29,7,33.49611867,0.741439,2.818822,2.9528058
2,21,3,12.87724,1.204878,2.847154,2.648277
1,40,10,23,0.93216,2.914206,4.5107713
1,47,9.4,39.03846,0.664947,2.924357,3.1522884
3,12,4,45.0291,0.574818,2.956204,3.1195366
1,36,9.1,33.42541,0.742514,3.00148,3.2410817
1,36,9.1,31.43646,0.773582,3.060691,3.3577697
2,76,11.22,20,1.0016,3.091038,3.3347762
4,29,7,30.09264103,0.795792,3.142881,3.3676126
1,47,9.4,36.59763,0.696976,3.171355,3.3180914
1,36,9.1,29.17127,0.81162,3.245724,3.5140793
3,12,4,39.97672,0.64781,3.284672,3.4609363
1,47,9.4,33.01775,0.74871,3.433791,3.5972192
1,36,9.1,27.18232,0.847584,3.452961,3.7015889
4,29,7,27.02933618,0.850442,3.466939,3.7438905
3,12,4,34.96508,0.711679,3.558394,3.737828
1,47,9.4,31.01085,0.780494,3.603602,3.7775612
1,47,10.96159,25,0.89008,3.684371,4.8365526
4,29,7,25.13281523,0.887413,3.702619,3.962732
1,36,9.1,25.35912,0.882869,3.726809,3.9237888
3,12,4,30.03492,0.784672,3.841241,4.0245395
4,29,9,50.98507209,0.537934,3.864648,3.8503585
1,47,9.4,29.00394,0.814531,3.866038,3.9819596
1,36,13.06117,25,0.89008,3.8736,4.0253935
4,29,9,49.08966464,0.555309,3.894108,3.9447992
4,29,7,23.09018781,0.93021,3.997218,4.2106376
1,36,9.1,23.14917,0.928935,4.037664,4.2024174
4,29,9,45.39548522,0.591917,4.056137,4.1256895
4,29,7,22.50647771,0.943047,4.100327,4.2783723
1,47,9.4,27.214,0.846992,4.128473,4.179555
1,36,9.1,22.54144,0.942276,4.163487,4.2776523
4,29,7,22.02003938,0.95397,4.188707,4.329239
1,36,9.1,22.1547,0.950946,4.207895,4.3257847
3,12,4,25.02328,0.875912,4.215328,4.2846622
1,47,9.4,25.2071,0.885921,4.375472,4.3983517
4,29,9,41.99200758,0.629283,4.380196,4.277127
1,47,9.4,24.12229,0.908182,4.406346,4.5229115
4,29,9,39.85218793,0.654804,4.674795,4.376123
1,47,12.07112,25,0.89008,4.70621,4.895801
1,47,9.4,22.22387,0.949392,4.86175,4.729668
1,47,12.90754,25,0.89008,4.863902,4.9602413
1,47,9.4,22.49507,0.943301,4.900343,4.7011533
